-- --------------------------------------------------------
-- 主机:                           127.0.0.1
-- 服务器版本:                        8.0.30 - MySQL Community Server - GPL
-- 服务器操作系统:                      Win64
-- HeidiSQL 版本:                  12.4.0.6659
-- --------------------------------------------------------

/*!40101 SET @OLD_CHARACTER_SET_CLIENT=@@CHARACTER_SET_CLIENT */;
/*!40101 SET NAMES utf8 */;
/*!50503 SET NAMES utf8mb4 */;
/*!40103 SET @OLD_TIME_ZONE=@@TIME_ZONE */;
/*!40103 SET TIME_ZONE='+00:00' */;
/*!40014 SET @OLD_FOREIGN_KEY_CHECKS=@@FOREIGN_KEY_CHECKS, FOREIGN_KEY_CHECKS=0 */;
/*!40101 SET @OLD_SQL_MODE=@@SQL_MODE, SQL_MODE='NO_AUTO_VALUE_ON_ZERO' */;
/*!40111 SET @OLD_SQL_NOTES=@@SQL_NOTES, SQL_NOTES=0 */;

-- 导出  表 mldong.flow_cc_order 结构
DROP TABLE IF EXISTS `flow_cc_order`;
CREATE TABLE IF NOT EXISTS `flow_cc_order` (
  `order_Id` varchar(32) CHARACTER SET utf8mb4 COLLATE utf8mb4_general_ci DEFAULT NULL COMMENT '流程实例ID',
  `actor_Id` varchar(50) CHARACTER SET utf8mb4 COLLATE utf8mb4_general_ci DEFAULT NULL COMMENT '参与者ID',
  `creator` varchar(50) CHARACTER SET utf8mb4 COLLATE utf8mb4_general_ci DEFAULT NULL COMMENT '发起人',
  `create_Time` varchar(50) CHARACTER SET utf8mb4 COLLATE utf8mb4_general_ci DEFAULT NULL COMMENT '抄送时间',
  `finish_Time` varchar(50) CHARACTER SET utf8mb4 COLLATE utf8mb4_general_ci DEFAULT NULL COMMENT '完成时间',
  `status` tinyint(1) DEFAULT NULL COMMENT '状态',
  KEY `IDX_CCORDER_ORDER` (`order_Id`) USING BTREE
) ENGINE=InnoDB DEFAULT CHARSET=utf8mb4 COLLATE=utf8mb4_general_ci ROW_FORMAT=DYNAMIC COMMENT='抄送实例表';

-- 正在导出表  mldong.flow_cc_order 的数据：~0 rows (大约)
DELETE FROM `flow_cc_order`;

-- 导出  表 mldong.flow_hist_order 结构
DROP TABLE IF EXISTS `flow_hist_order`;
CREATE TABLE IF NOT EXISTS `flow_hist_order` (
  `id` varchar(32) CHARACTER SET utf8mb4 COLLATE utf8mb4_general_ci NOT NULL COMMENT '主键ID',
  `process_Id` varchar(32) CHARACTER SET utf8mb4 COLLATE utf8mb4_general_ci NOT NULL COMMENT '流程定义ID',
  `order_State` tinyint(1) NOT NULL COMMENT '状态',
  `creator` varchar(50) CHARACTER SET utf8mb4 COLLATE utf8mb4_general_ci DEFAULT NULL COMMENT '发起人',
  `create_Time` varchar(50) CHARACTER SET utf8mb4 COLLATE utf8mb4_general_ci NOT NULL COMMENT '发起时间',
  `end_Time` varchar(50) CHARACTER SET utf8mb4 COLLATE utf8mb4_general_ci DEFAULT NULL COMMENT '完成时间',
  `expire_Time` varchar(50) CHARACTER SET utf8mb4 COLLATE utf8mb4_general_ci DEFAULT NULL COMMENT '期望完成时间',
  `priority` tinyint(1) DEFAULT NULL COMMENT '优先级',
  `parent_Id` varchar(32) CHARACTER SET utf8mb4 COLLATE utf8mb4_general_ci DEFAULT NULL COMMENT '父流程ID',
  `order_No` varchar(50) CHARACTER SET utf8mb4 COLLATE utf8mb4_general_ci DEFAULT NULL COMMENT '流程实例编号',
  `variable` varchar(2000) CHARACTER SET utf8mb4 COLLATE utf8mb4_general_ci DEFAULT NULL COMMENT '附属变量json存储',
  PRIMARY KEY (`id`) USING BTREE,
  KEY `IDX_HIST_ORDER_PROCESSID` (`process_Id`) USING BTREE,
  KEY `IDX_HIST_ORDER_NO` (`order_No`) USING BTREE,
  KEY `FK_HIST_ORDER_PARENTID` (`parent_Id`) USING BTREE,
  CONSTRAINT `FK_HIST_ORDER_PARENTID` FOREIGN KEY (`parent_Id`) REFERENCES `flow_hist_order` (`id`) ON DELETE RESTRICT ON UPDATE RESTRICT,
  CONSTRAINT `FK_HIST_ORDER_PROCESSID` FOREIGN KEY (`process_Id`) REFERENCES `flow_process` (`id`) ON DELETE RESTRICT ON UPDATE RESTRICT
) ENGINE=InnoDB DEFAULT CHARSET=utf8mb4 COLLATE=utf8mb4_general_ci ROW_FORMAT=DYNAMIC COMMENT='历史流程实例表';

-- 正在导出表  mldong.flow_hist_order 的数据：~4 rows (大约)
DELETE FROM `flow_hist_order`;
INSERT INTO `flow_hist_order` (`id`, `process_Id`, `order_State`, `creator`, `create_Time`, `end_Time`, `expire_Time`, `priority`, `parent_Id`, `order_No`, `variable`) VALUES
	('3a73e28221f04c56be3a15926409d3d2', '29cf3267885b4f8a85f0ac0e89b735a9', 1, '1', '2022-05-06 23:05:51', NULL, NULL, NULL, NULL, '1b0221016ce44a6f9d2261a625ac8168', '{"apply":1,"audit":1,"instanceUrl":"","snaker.orderNo":"1b0221016ce44a6f9d2261a625ac8168","operator.userName":"admin","operator.realName":"mldong"}'),
	('70c2a2143487441b9e4a1d37126e95c4', 'b28c099e9a3648b68d4358ae26553519', 0, '1', '2022-04-05 22:45:51', '2022-04-05 22:51:59', NULL, NULL, NULL, 'dc13383002704e2bb9ff7accf3504f3b', '{"f_day":1,"f_reason":"8888","f_startTime":"2022-04-05 00:00:00","f_endTime":"2022-04-06 00:00:00","instanceUrl":"leaveForm","snaker.orderNo":"dc13383002704e2bb9ff7accf3504f3b","operator.userName":"admin","operator.realName":"mldong","orderStatus":3,"approvalType":0,"approvalOpinion":"不同意"}'),
	('e875cd755f05439a87143c38f9c26a4e', '29cf3267885b4f8a85f0ac0e89b735a9', 0, '1', '2022-05-06 22:20:54', '2022-05-06 22:58:30', NULL, NULL, NULL, 'c21034b29b33488581b8971bf594125a', '{"apply":1,"audit":1,"instanceUrl":"","snaker.orderNo":"c21034b29b33488581b8971bf594125a","operator.userName":"admin","operator.realName":"mldong","hasNext":1,"orderState":3}'),
	('f1bd25797aae4732838676f539c622ef', 'b28c099e9a3648b68d4358ae26553519', 1, '1', '2022-04-19 21:35:57', NULL, NULL, NULL, NULL, '295279926757418fa88ad9e8a368cab6', '{"f_day":3,"instanceUrl":"leaveForm","snaker.orderNo":"295279926757418fa88ad9e8a368cab6","operator.userName":"admin","operator.realName":"mldong"}');

-- 导出  表 mldong.flow_hist_task 结构
DROP TABLE IF EXISTS `flow_hist_task`;
CREATE TABLE IF NOT EXISTS `flow_hist_task` (
  `id` varchar(32) CHARACTER SET utf8mb4 COLLATE utf8mb4_general_ci NOT NULL COMMENT '主键ID',
  `order_Id` varchar(32) CHARACTER SET utf8mb4 COLLATE utf8mb4_general_ci NOT NULL COMMENT '流程实例ID',
  `task_Name` varchar(100) CHARACTER SET utf8mb4 COLLATE utf8mb4_general_ci NOT NULL COMMENT '任务名称',
  `display_Name` varchar(200) CHARACTER SET utf8mb4 COLLATE utf8mb4_general_ci NOT NULL COMMENT '任务显示名称',
  `task_Type` tinyint(1) NOT NULL COMMENT '任务类型',
  `perform_Type` tinyint(1) DEFAULT NULL COMMENT '参与类型',
  `task_State` tinyint(1) NOT NULL COMMENT '任务状态',
  `operator` varchar(50) CHARACTER SET utf8mb4 COLLATE utf8mb4_general_ci DEFAULT NULL COMMENT '任务处理人',
  `create_Time` varchar(50) CHARACTER SET utf8mb4 COLLATE utf8mb4_general_ci NOT NULL COMMENT '任务创建时间',
  `finish_Time` varchar(50) CHARACTER SET utf8mb4 COLLATE utf8mb4_general_ci DEFAULT NULL COMMENT '任务完成时间',
  `expire_Time` varchar(50) CHARACTER SET utf8mb4 COLLATE utf8mb4_general_ci DEFAULT NULL COMMENT '任务期望完成时间',
  `action_Url` varchar(200) CHARACTER SET utf8mb4 COLLATE utf8mb4_general_ci DEFAULT NULL COMMENT '任务处理url',
  `parent_Task_Id` varchar(32) CHARACTER SET utf8mb4 COLLATE utf8mb4_general_ci DEFAULT NULL COMMENT '父任务ID',
  `variable` varchar(2000) CHARACTER SET utf8mb4 COLLATE utf8mb4_general_ci DEFAULT NULL COMMENT '附属变量json存储',
  PRIMARY KEY (`id`) USING BTREE,
  KEY `IDX_HIST_TASK_ORDER` (`order_Id`) USING BTREE,
  KEY `IDX_HIST_TASK_TASKNAME` (`task_Name`) USING BTREE,
  KEY `IDX_HIST_TASK_PARENTTASK` (`parent_Task_Id`) USING BTREE,
  CONSTRAINT `FK_HIST_TASK_ORDERID` FOREIGN KEY (`order_Id`) REFERENCES `flow_hist_order` (`id`) ON DELETE RESTRICT ON UPDATE RESTRICT
) ENGINE=InnoDB DEFAULT CHARSET=utf8mb4 COLLATE=utf8mb4_general_ci ROW_FORMAT=DYNAMIC COMMENT='历史任务表';

-- 正在导出表  mldong.flow_hist_task 的数据：~9 rows (大约)
DELETE FROM `flow_hist_task`;
INSERT INTO `flow_hist_task` (`id`, `order_Id`, `task_Name`, `display_Name`, `task_Type`, `perform_Type`, `task_State`, `operator`, `create_Time`, `finish_Time`, `expire_Time`, `action_Url`, `parent_Task_Id`, `variable`) VALUES
	('09071361d62f4817aa13bf77b3bebaeb', '3a73e28221f04c56be3a15926409d3d2', 'audit', '审核', 0, 0, 0, '1', '2022-05-06 23:07:34', '2022-05-06 23:09:40', NULL, '', '24d936fc114a4e6995976581e06438fd', '{"audit":12,"hasNext":1,"approvalType":1,"operator.userName":"admin","operator.realName":"mldong"}'),
	('24d936fc114a4e6995976581e06438fd', '3a73e28221f04c56be3a15926409d3d2', 'audit', '审核', 0, 0, 0, '1', '2022-05-06 23:06:12', '2022-05-06 23:07:34', NULL, '', '7f3018bc7da94194830c7b93ae6a6118', '{"audit":1,"hasNext":1,"approvalType":1,"operator.userName":"admin","operator.realName":"mldong"}'),
	('4e139687bc02435bb878b247b45c2c7b', '70c2a2143487441b9e4a1d37126e95c4', 'apply', '请假申请', 0, 0, 0, 'snaker.auto', '2022-04-05 22:45:51', '2022-04-05 22:45:51', NULL, '', 'start', '{"f_day":1,"f_reason":"8888","f_startTime":"2022-04-05 00:00:00","f_endTime":"2022-04-06 00:00:00","instanceUrl":"leaveForm","snaker.orderNo":"dc13383002704e2bb9ff7accf3504f3b","operator.userName":"admin","operator.realName":"mldong","S-ACTOR":"approve.operator"}'),
	('50e8c560ef7c4e91acfc8ddb641ef811', 'e875cd755f05439a87143c38f9c26a4e', 'audit', '审核', 0, 0, 0, '1', '2022-05-06 22:20:54', '2022-05-06 22:58:30', NULL, '', 'b2cec0e7a1864e0f99bfbb67d5531f65', '{"audit":1,"hasNext":1,"operator.userName":"admin","operator.realName":"mldong"}'),
	('7f3018bc7da94194830c7b93ae6a6118', '3a73e28221f04c56be3a15926409d3d2', 'audit', '审核', 0, 0, 0, '1', '2022-05-06 23:05:51', '2022-05-06 23:06:12', NULL, '', 'ffeaaa58854545e49cce92160cffa051', '{"audit":1,"hasNext":1,"approvalType":1,"operator.userName":"admin","operator.realName":"mldong"}'),
	('8a89fc85f934431399a8fa7f45d5d6fe', '70c2a2143487441b9e4a1d37126e95c4', 'approveDept', '部门领导审批', 0, 0, 0, '1', '2022-04-05 22:45:51', '2022-04-05 22:51:59', NULL, '', '4e139687bc02435bb878b247b45c2c7b', '{"approvalType":0,"approvalOpinion":"不同意","operator.userName":"admin","operator.realName":"mldong"}'),
	('b2cec0e7a1864e0f99bfbb67d5531f65', 'e875cd755f05439a87143c38f9c26a4e', 'apply', '申请', 0, 0, 0, 'snaker.auto', '2022-05-06 22:20:54', '2022-05-06 22:20:54', NULL, '', 'start', '{"apply":1,"audit":1,"instanceUrl":"","snaker.orderNo":"c21034b29b33488581b8971bf594125a","operator.userName":"admin","operator.realName":"mldong","S-ACTOR":"1"}'),
	('b492070e6b0748aea23f9e15ef4755ca', 'f1bd25797aae4732838676f539c622ef', 'apply', '请假申请', 0, 0, 0, 'snaker.auto', '2022-04-19 21:35:57', '2022-04-19 21:35:58', NULL, '', 'start', '{"f_day":3,"instanceUrl":"leaveForm","snaker.orderNo":"295279926757418fa88ad9e8a368cab6","operator.userName":"admin","operator.realName":"mldong","S-ACTOR":"approve.operator"}'),
	('ffeaaa58854545e49cce92160cffa051', '3a73e28221f04c56be3a15926409d3d2', 'apply', '申请', 0, 0, 0, 'snaker.auto', '2022-05-06 23:05:51', '2022-05-06 23:05:51', NULL, '', 'start', '{"apply":1,"audit":1,"instanceUrl":"","snaker.orderNo":"1b0221016ce44a6f9d2261a625ac8168","operator.userName":"admin","operator.realName":"mldong","S-ACTOR":"1"}');

-- 导出  表 mldong.flow_hist_task_actor 结构
DROP TABLE IF EXISTS `flow_hist_task_actor`;
CREATE TABLE IF NOT EXISTS `flow_hist_task_actor` (
  `task_Id` varchar(32) CHARACTER SET utf8mb4 COLLATE utf8mb4_general_ci NOT NULL COMMENT '任务ID',
  `actor_Id` varchar(50) CHARACTER SET utf8mb4 COLLATE utf8mb4_general_ci NOT NULL COMMENT '参与者ID',
  KEY `IDX_HIST_TASKACTOR_TASK` (`task_Id`) USING BTREE,
  CONSTRAINT `FK_HIST_TASKACTOR` FOREIGN KEY (`task_Id`) REFERENCES `flow_hist_task` (`id`) ON DELETE RESTRICT ON UPDATE RESTRICT
) ENGINE=InnoDB DEFAULT CHARSET=utf8mb4 COLLATE=utf8mb4_general_ci ROW_FORMAT=DYNAMIC COMMENT='历史任务参与者表';

-- 正在导出表  mldong.flow_hist_task_actor 的数据：~9 rows (大约)
DELETE FROM `flow_hist_task_actor`;
INSERT INTO `flow_hist_task_actor` (`task_Id`, `actor_Id`) VALUES
	('4e139687bc02435bb878b247b45c2c7b', 'approve.operator'),
	('8a89fc85f934431399a8fa7f45d5d6fe', '1'),
	('b492070e6b0748aea23f9e15ef4755ca', 'approve.operator'),
	('b2cec0e7a1864e0f99bfbb67d5531f65', '1'),
	('50e8c560ef7c4e91acfc8ddb641ef811', '1'),
	('ffeaaa58854545e49cce92160cffa051', '1'),
	('7f3018bc7da94194830c7b93ae6a6118', '1'),
	('24d936fc114a4e6995976581e06438fd', '1'),
	('09071361d62f4817aa13bf77b3bebaeb', '1');

-- 导出  表 mldong.flow_model_designer 结构
DROP TABLE IF EXISTS `flow_model_designer`;
CREATE TABLE IF NOT EXISTS `flow_model_designer` (
  `id` bigint unsigned NOT NULL AUTO_INCREMENT COMMENT '主键',
  `model_group_id` bigint unsigned NOT NULL DEFAULT '0' COMMENT '分组ID',
  `model_type` int unsigned NOT NULL DEFAULT '10' COMMENT '模型类型(10->流程|PROCESS,20->表单|FORM)',
  `model_name` varchar(64) CHARACTER SET utf8mb4 COLLATE utf8mb4_general_ci NOT NULL COMMENT '模型名称',
  `model_key` varchar(32) CHARACTER SET utf8mb4 COLLATE utf8mb4_general_ci NOT NULL COMMENT '唯一标识',
  `user_id` bigint NOT NULL COMMENT '用户ID',
  `create_time` datetime(3) DEFAULT NULL COMMENT '创建时间',
  `update_time` datetime(3) DEFAULT NULL COMMENT '更新时间',
  `is_deleted` tinyint unsigned DEFAULT '1' COMMENT '是否删除',
  PRIMARY KEY (`id`) USING BTREE
) ENGINE=InnoDB DEFAULT CHARSET=utf8mb4 COLLATE=utf8mb4_general_ci ROW_FORMAT=DYNAMIC COMMENT='模型设计';

-- 正在导出表  mldong.flow_model_designer 的数据：~0 rows (大约)
DELETE FROM `flow_model_designer`;

-- 导出  表 mldong.flow_model_designer_his 结构
DROP TABLE IF EXISTS `flow_model_designer_his`;
CREATE TABLE IF NOT EXISTS `flow_model_designer_his` (
  `id` bigint unsigned NOT NULL AUTO_INCREMENT COMMENT '主键',
  `model_designer_id` bigint NOT NULL COMMENT '模型设计ID',
  `content` longblob COMMENT '模型定义',
  `create_time` datetime(3) DEFAULT NULL COMMENT '创建时间',
  `update_time` datetime(3) DEFAULT NULL COMMENT '更新时间',
  PRIMARY KEY (`id`) USING BTREE,
  KEY `idx_flow_model_d_his_id` (`model_designer_id`) USING BTREE,
  KEY `idx_flow_mdh_create_time` (`create_time`) USING BTREE
) ENGINE=InnoDB DEFAULT CHARSET=utf8mb4 COLLATE=utf8mb4_general_ci ROW_FORMAT=DYNAMIC COMMENT='模型设计历史';

-- 正在导出表  mldong.flow_model_designer_his 的数据：~0 rows (大约)
DELETE FROM `flow_model_designer_his`;

-- 导出  表 mldong.flow_model_group 结构
DROP TABLE IF EXISTS `flow_model_group`;
CREATE TABLE IF NOT EXISTS `flow_model_group` (
  `id` bigint unsigned NOT NULL AUTO_INCREMENT COMMENT '主键',
  `name` varchar(64) CHARACTER SET utf8mb4 COLLATE utf8mb4_general_ci NOT NULL COMMENT '分组名称',
  `remark` varchar(255) CHARACTER SET utf8mb4 COLLATE utf8mb4_general_ci DEFAULT NULL COMMENT '备注',
  `user_id` bigint NOT NULL COMMENT '用户ID',
  `create_time` datetime(3) DEFAULT NULL COMMENT '创建时间',
  `update_time` datetime(3) DEFAULT NULL COMMENT '更新时间',
  PRIMARY KEY (`id`) USING BTREE
) ENGINE=InnoDB DEFAULT CHARSET=utf8mb4 COLLATE=utf8mb4_general_ci ROW_FORMAT=DYNAMIC COMMENT='模型分组';

-- 正在导出表  mldong.flow_model_group 的数据：~0 rows (大约)
DELETE FROM `flow_model_group`;

-- 导出  表 mldong.flow_order 结构
DROP TABLE IF EXISTS `flow_order`;
CREATE TABLE IF NOT EXISTS `flow_order` (
  `id` varchar(32) CHARACTER SET utf8mb4 COLLATE utf8mb4_general_ci NOT NULL COMMENT '主键ID',
  `parent_Id` varchar(32) CHARACTER SET utf8mb4 COLLATE utf8mb4_general_ci DEFAULT NULL COMMENT '父流程ID',
  `process_Id` varchar(32) CHARACTER SET utf8mb4 COLLATE utf8mb4_general_ci NOT NULL COMMENT '流程定义ID',
  `creator` varchar(50) CHARACTER SET utf8mb4 COLLATE utf8mb4_general_ci DEFAULT NULL COMMENT '发起人',
  `create_Time` varchar(50) CHARACTER SET utf8mb4 COLLATE utf8mb4_general_ci NOT NULL COMMENT '发起时间',
  `expire_Time` varchar(50) CHARACTER SET utf8mb4 COLLATE utf8mb4_general_ci DEFAULT NULL COMMENT '期望完成时间',
  `last_Update_Time` varchar(50) CHARACTER SET utf8mb4 COLLATE utf8mb4_general_ci DEFAULT NULL COMMENT '上次更新时间',
  `last_Updator` varchar(50) CHARACTER SET utf8mb4 COLLATE utf8mb4_general_ci DEFAULT NULL COMMENT '上次更新人',
  `priority` tinyint(1) DEFAULT NULL COMMENT '优先级',
  `parent_Node_Name` varchar(100) CHARACTER SET utf8mb4 COLLATE utf8mb4_general_ci DEFAULT NULL COMMENT '父流程依赖的节点名称',
  `order_No` varchar(50) CHARACTER SET utf8mb4 COLLATE utf8mb4_general_ci DEFAULT NULL COMMENT '流程实例编号',
  `variable` varchar(2000) CHARACTER SET utf8mb4 COLLATE utf8mb4_general_ci DEFAULT NULL COMMENT '附属变量json存储',
  `version` int DEFAULT NULL COMMENT '版本',
  PRIMARY KEY (`id`) USING BTREE,
  KEY `IDX_ORDER_PROCESSID` (`process_Id`) USING BTREE,
  KEY `IDX_ORDER_NO` (`order_No`) USING BTREE,
  KEY `FK_ORDER_PARENTID` (`parent_Id`) USING BTREE,
  CONSTRAINT `FK_ORDER_PARENTID` FOREIGN KEY (`parent_Id`) REFERENCES `flow_order` (`id`) ON DELETE RESTRICT ON UPDATE RESTRICT,
  CONSTRAINT `FK_ORDER_PROCESSID` FOREIGN KEY (`process_Id`) REFERENCES `flow_process` (`id`) ON DELETE RESTRICT ON UPDATE RESTRICT
) ENGINE=InnoDB DEFAULT CHARSET=utf8mb4 COLLATE=utf8mb4_general_ci ROW_FORMAT=DYNAMIC COMMENT='流程实例表';

-- 正在导出表  mldong.flow_order 的数据：~0 rows (大约)
DELETE FROM `flow_order`;
INSERT INTO `flow_order` (`id`, `parent_Id`, `process_Id`, `creator`, `create_Time`, `expire_Time`, `last_Update_Time`, `last_Updator`, `priority`, `parent_Node_Name`, `order_No`, `variable`, `version`) VALUES
	('3a73e28221f04c56be3a15926409d3d2', NULL, '29cf3267885b4f8a85f0ac0e89b735a9', '1', '2022-05-06 23:05:51', NULL, '2022-05-06 23:09:40', '1', NULL, NULL, '1b0221016ce44a6f9d2261a625ac8168', '{"apply":1,"audit":1,"instanceUrl":"","snaker.orderNo":"1b0221016ce44a6f9d2261a625ac8168","operator.userName":"admin","operator.realName":"mldong"}', 4),
	('f1bd25797aae4732838676f539c622ef', NULL, 'b28c099e9a3648b68d4358ae26553519', '1', '2022-04-19 21:35:57', NULL, '2022-04-19 21:35:58', 'snaker.auto', NULL, NULL, '295279926757418fa88ad9e8a368cab6', '{"f_day":3,"instanceUrl":"leaveForm","snaker.orderNo":"295279926757418fa88ad9e8a368cab6","operator.userName":"admin","operator.realName":"mldong"}', 1);

-- 导出  表 mldong.flow_process 结构
DROP TABLE IF EXISTS `flow_process`;
CREATE TABLE IF NOT EXISTS `flow_process` (
  `id` varchar(32) CHARACTER SET utf8mb4 COLLATE utf8mb4_general_ci NOT NULL COMMENT '主键ID',
  `name` varchar(100) CHARACTER SET utf8mb4 COLLATE utf8mb4_general_ci DEFAULT NULL COMMENT '流程名称',
  `display_Name` varchar(200) CHARACTER SET utf8mb4 COLLATE utf8mb4_general_ci DEFAULT NULL COMMENT '流程显示名称',
  `type` varchar(100) CHARACTER SET utf8mb4 COLLATE utf8mb4_general_ci DEFAULT NULL COMMENT '流程类型',
  `instance_Url` varchar(200) CHARACTER SET utf8mb4 COLLATE utf8mb4_general_ci DEFAULT NULL COMMENT '实例url',
  `state` tinyint(1) DEFAULT NULL COMMENT '流程是否可用',
  `content` longblob COMMENT '流程模型定义',
  `version` int DEFAULT NULL COMMENT '版本',
  `create_Time` varchar(50) CHARACTER SET utf8mb4 COLLATE utf8mb4_general_ci DEFAULT NULL COMMENT '创建时间',
  `creator` varchar(50) CHARACTER SET utf8mb4 COLLATE utf8mb4_general_ci DEFAULT NULL COMMENT '创建人',
  PRIMARY KEY (`id`) USING BTREE,
  KEY `IDX_PROCESS_NAME` (`name`) USING BTREE
) ENGINE=InnoDB DEFAULT CHARSET=utf8mb4 COLLATE=utf8mb4_general_ci ROW_FORMAT=DYNAMIC COMMENT='流程定义表';

-- 正在导出表  mldong.flow_process 的数据：~3 rows (大约)
DELETE FROM `flow_process`;
INSERT INTO `flow_process` (`id`, `name`, `display_Name`, `type`, `instance_Url`, `state`, `content`, `version`, `create_Time`, `creator`) VALUES
	('29cf3267885b4f8a85f0ac0e89b735a9', 'repeat', '循环流程', NULL, '', 1, _binary 0x3c3f786d6c2076657273696f6e3d22312e302220656e636f64696e673d225554462d3822207374616e64616c6f6e653d226e6f223f3e0d0a3c70726f6365737320206e616d653d227265706561742220646973706c61794e616d653d22e5beaae78eafe6b581e7a88b223e0d0a093c7374617274206e616d653d2273746172742220646973706c61794e616d653d22e5bc80e5a78b22206c61796f75743d223432302c3234302c3132302c3830223e0d0a09093c7472616e736974696f6e206e616d653d2237363566613232652d613335372d346662632d386262372d3534633537656435383132642220746f3d226170706c792220673d223433382c3234303b3536302c323430223e3c2f7472616e736974696f6e3e0d0a093c2f73746172743e0d0a093c7461736b206e616d653d226170706c792220646973706c61794e616d653d22e794b3e8afb722206c61796f75743d223632302c3234302c3132302c3830222061737369676e65653d226170706c7922207461736b547970653d224d616a6f722220706572666f726d547970653d22414e59223e0d0a09093c7472616e736974696f6e206e616d653d2265363537663031612d653738362d343730382d626230352d6339643537656564333538322220746f3d2261756469742220673d223638302c3234303b3738302c323430223e3c2f7472616e736974696f6e3e0d0a093c2f7461736b3e0d0a093c7461736b206e616d653d2261756469742220646973706c61794e616d653d22e5aea1e6a0b822206c61796f75743d223834302c3234302c3132302c3830222061737369676e65653d22617564697422207461736b547970653d224d616a6f722220706572666f726d547970653d22414e59223e0d0a09093c7472616e736974696f6e206e616d653d2264363362346362322d626234312d346163312d626561652d6264356435343866366639622220746f3d2235613133373332302d623566312d343939332d386566622d3764373364643537396466322220673d223930302c3234303b3939352c323430223e3c2f7472616e736974696f6e3e0d0a093c2f7461736b3e0d0a093c6465636973696f6e206e616d653d2235613133373332302d623566312d343939332d386566622d37643733646435373964663222206c61796f75743d22313032302c3234302c3132302c3830223e0d0a09093c7472616e736974696f6e206e616d653d2237636434323132622d646535642d343539322d393163302d6432363434396537623739332220746f3d22656e642220657870723d22236861734e6578743d3d302220673d22313034352c3234303b313136322c323430223e3c2f7472616e736974696f6e3e0d0a093c7472616e736974696f6e206e616d653d2232393639663462352d663935362d346666382d383030362d6536316537303137633235642220646973706c61794e616d653d22e8bdace4baa4e7bb99e696b0e79a84e5aea1e6a0b8e4baba2220746f3d2261756469742220657870723d22236861734e6578743d3d312220673d22313032302c3236353b313032302c3331303b3834302c3331303b3834302c323830223e3c2f7472616e736974696f6e3e0d0a093c2f6465636973696f6e3e0d0a093c656e64206e616d653d22656e642220646973706c61794e616d653d22e7bb93e69d9f22206c61796f75743d22313138302c3234302c3132302c3830223e0d0a09093c2f656e643e0d0a3c2f70726f636573733e, 0, '2022-05-06 22:18:35', '1'),
	('a5a211f4fda142319ca6479d1f98e387', 'articleAudit', '文章审核', NULL, 'articleAuditForm', 1, _binary 0x3c3f786d6c2076657273696f6e3d22312e302220656e636f64696e673d225554462d3822207374616e64616c6f6e653d226e6f223f3e0a3c70726f6365737320206e616d653d2261727469636c6541756469742220646973706c61794e616d653d22e69687e7aba0e5aea1e6a0b82220696e7374616e636555726c3d2261727469636c654175646974466f726d223e0a093c7374617274206e616d653d2273746172742220646973706c61794e616d653d22e5bc80e5a78b22206c61796f75743d223336302c3138302c3132302c38302220707265496e746572636570746f72733d22636f6d2e6d6c646f6e672e6d6f64756c65732e636d732e77662e696e746572636570746f722e41727469636c655374617274507265496e746572636570746f72223e0a09093c7472616e736974696f6e206e616d653d2274312220746f3d226170706c792220673d223337382c3138303b3434302c313830223e3c2f7472616e736974696f6e3e0a093c2f73746172743e0a093c7461736b206e616d653d226170706c792220646973706c61794e616d653d22e69687e7aba0e5aea1e6a0b8e794b3e8afb722206c61796f75743d223530302c3138302c3132302c383022207461736b547970653d224d616a6f722220706572666f726d547970653d22414e59222061737369676e65653d22617070726f76652e6f70657261746f72223e0a09093c7472616e736974696f6e206e616d653d2274322220746f3d22617070726f7665446570742220673d223536302c3138303b3632302c313830223e3c2f7472616e736974696f6e3e0a093c2f7461736b3e0a093c7461736b206e616d653d22617070726f7665446570742220646973706c61794e616d653d22e983a8e997a8e9a286e5afbce5aea1e689b922206c61796f75743d223638302c3138302c3132302c383022207461736b547970653d224d616a6f722220706572666f726d547970653d22414e59222061737369676e6d656e7448616e646c65723d22636f6d2e6d6c646f6e672e636f6e6669672e466c6f7741737369676e6d656e7448616e646c6572223e0a09093c7472616e736974696f6e206e616d653d2274332220746f3d22617070726f7665426f73732220673d223734302c3138303b3830302c313830223e3c2f7472616e736974696f6e3e0a093c2f7461736b3e0a093c7461736b206e616d653d22617070726f7665426f73732220646973706c61794e616d653d22e585ace58fb8e9a286e5afbce5aea1e689b922206c61796f75743d223836302c3138302c3132302c383022207461736b547970653d224d616a6f722220706572666f726d547970653d22414e59222061737369676e6d656e7448616e646c65723d22636f6d2e6d6c646f6e672e636f6e6669672e466c6f7741737369676e6d656e7448616e646c6572223e0a09093c7472616e736974696f6e206e616d653d2274342220746f3d22656e642220673d223932302c3138303b3938322c313830223e3c2f7472616e736974696f6e3e0a093c2f7461736b3e0a093c656e64206e616d653d22656e642220646973706c61794e616d653d22e7bb93e69d9f22206c61796f75743d22313030302c3138302c3132302c38302220706f7374496e746572636570746f72733d22636f6d2e6d6c646f6e672e6d6f64756c65732e636d732e77662e696e746572636570746f722e41727469636c65456e64506f7374496e7465726570746f72223e0a09093c2f656e643e0a3c2f70726f636573733e, 0, '2022-04-05 21:53:29', '1'),
	('b28c099e9a3648b68d4358ae26553519', 'leave', '请假', NULL, 'leaveForm', 1, _binary 0x3c3f786d6c2076657273696f6e3d22312e302220656e636f64696e673d225554462d3822207374616e64616c6f6e653d226e6f223f3e0a3c70726f6365737320206e616d653d226c656176652220646973706c61794e616d653d22e8afb7e581872220696e7374616e636555726c3d226c65617665466f726d223e0a093c7374617274206e616d653d2273746172742220646973706c61794e616d653d22e5bc80e5a78b22206c61796f75743d223334302c3136302c3132302c3830223e0a09093c7472616e736974696f6e206e616d653d2233303337626534312d353638322d343334342d623934612d3966616635633365363262612220746f3d226170706c792220673d223335382c3136303b3436302c313630223e3c2f7472616e736974696f6e3e0a093c2f73746172743e0a093c7461736b206e616d653d226170706c792220646973706c61794e616d653d22e8afb7e58187e794b3e8afb722206c61796f75743d223532302c3136302c3132302c383022207461736b547970653d224d616a6f722220706572666f726d547970653d22414e5922206175746f457865637574653d224e222061737369676e65653d22617070726f76652e6f70657261746f72223e0a09093c7472616e736974696f6e206e616d653d2263373936343261652d396632382d343231332d386364662d3065306436343637623162392220746f3d22617070726f7665446570742220673d223538302c3136303b3638302c313630223e3c2f7472616e736974696f6e3e0a093c2f7461736b3e0a093c7461736b206e616d653d22617070726f7665446570742220646973706c61794e616d653d22e983a8e997a8e9a286e5afbce5aea1e689b922206c61796f75743d223734302c3136302c3132302c383022207461736b547970653d224d616a6f722220706572666f726d547970653d22414e5922206175746f457865637574653d224e222061737369676e6d656e7448616e646c65723d22636f6d2e6d6c646f6e672e636f6e6669672e466c6f7741737369676e6d656e7448616e646c6572223e0a09093c7472616e736974696f6e206e616d653d2230396439623134332d393437332d346130662d383238372d3961626636663635626166352220746f3d2232633735656562662d356261662d346364302d613762332d3035343636626531333633342220673d223734302c3230303b3734302c333135223e3c2f7472616e736974696f6e3e0a093c2f7461736b3e0a093c6465636973696f6e206e616d653d2232633735656562662d356261662d346364302d613762332d30353436366265313336333422206c61796f75743d223734302c3334302c3132302c3830223e0a09093c7472616e736974696f6e206e616d653d2235313765663263372d333438362d343939322d623535342d3066353338616239313735312220646973706c61794e616d653d22e8afb7e58187e5a4a9e695b0e5b08fe4ba8e332220746f3d22656e642220657870723d2223665f646179266c743b332220673d223736342c3333393b313038302c3333393b313038302c313738223e3c2f7472616e736974696f6e3e0a093c7472616e736974696f6e206e616d653d2264376563343136362d663366632d346664362d613261632d6136633464353039633464642220646973706c61794e616d653d22e8afb7e58187e5a4a9e695b0e5a4a7e4ba8ee7ad89e4ba8e332220746f3d22617070726f7665426f73732220657870723d2223665f6461792667743b3d332220673d223734302c3336353b3734302c3438303b3834302c343830223e3c2f7472616e736974696f6e3e0a093c2f6465636973696f6e3e0a093c656e64206e616d653d22656e642220646973706c61794e616d653d22e7bb93e69d9f22206c61796f75743d22313038302c3136302c3132302c3830223e0a09093c2f656e643e0a093c7461736b206e616d653d22617070726f7665426f73732220646973706c61794e616d653d22e585ace58fb8e9a286e5afbce5aea1e689b922206c61796f75743d223930302c3438302c3132302c383022207461736b547970653d224d616a6f722220706572666f726d547970653d22414e5922206175746f457865637574653d224e222061737369676e6d656e7448616e646c65723d22636f6d2e6d6c646f6e672e636f6e6669672e466c6f7741737369676e6d656e7448616e646c6572223e0a09093c7472616e736974696f6e206e616d653d2261363433343865632d343136382d346633362d386136312d3135636631326337313062392220746f3d22656e642220673d223936302c3438303b313134302c3438303b313134302c3131323b313038302c3131323b313038302c313432223e3c2f7472616e736974696f6e3e0a093c2f7461736b3e0a3c2f70726f636573733e, 0, '2022-04-05 16:35:21', '1');

-- 导出  表 mldong.flow_surrogate 结构
DROP TABLE IF EXISTS `flow_surrogate`;
CREATE TABLE IF NOT EXISTS `flow_surrogate` (
  `id` varchar(32) CHARACTER SET utf8mb4 COLLATE utf8mb4_general_ci NOT NULL COMMENT '主键ID',
  `process_Name` varchar(100) CHARACTER SET utf8mb4 COLLATE utf8mb4_general_ci DEFAULT NULL COMMENT '流程名称',
  `operator` varchar(50) CHARACTER SET utf8mb4 COLLATE utf8mb4_general_ci DEFAULT NULL COMMENT '授权人',
  `surrogate` varchar(50) CHARACTER SET utf8mb4 COLLATE utf8mb4_general_ci DEFAULT NULL COMMENT '代理人',
  `odate` varchar(64) CHARACTER SET utf8mb4 COLLATE utf8mb4_general_ci DEFAULT NULL COMMENT '操作时间',
  `sdate` varchar(64) CHARACTER SET utf8mb4 COLLATE utf8mb4_general_ci DEFAULT NULL COMMENT '开始时间',
  `edate` varchar(64) CHARACTER SET utf8mb4 COLLATE utf8mb4_general_ci DEFAULT NULL COMMENT '结束时间',
  `state` tinyint(1) DEFAULT NULL COMMENT '状态',
  PRIMARY KEY (`id`) USING BTREE,
  KEY `IDX_SURROGATE_OPERATOR` (`operator`) USING BTREE
) ENGINE=InnoDB DEFAULT CHARSET=utf8mb4 COLLATE=utf8mb4_general_ci ROW_FORMAT=DYNAMIC COMMENT='委托代理表';

-- 正在导出表  mldong.flow_surrogate 的数据：~0 rows (大约)
DELETE FROM `flow_surrogate`;

-- 导出  表 mldong.flow_task 结构
DROP TABLE IF EXISTS `flow_task`;
CREATE TABLE IF NOT EXISTS `flow_task` (
  `id` varchar(32) CHARACTER SET utf8mb4 COLLATE utf8mb4_general_ci NOT NULL COMMENT '主键ID',
  `order_Id` varchar(32) CHARACTER SET utf8mb4 COLLATE utf8mb4_general_ci NOT NULL COMMENT '流程实例ID',
  `task_Name` varchar(100) CHARACTER SET utf8mb4 COLLATE utf8mb4_general_ci NOT NULL COMMENT '任务名称',
  `display_Name` varchar(200) CHARACTER SET utf8mb4 COLLATE utf8mb4_general_ci NOT NULL COMMENT '任务显示名称',
  `task_Type` tinyint(1) NOT NULL COMMENT '任务类型',
  `perform_Type` tinyint(1) DEFAULT NULL COMMENT '参与类型',
  `operator` varchar(50) CHARACTER SET utf8mb4 COLLATE utf8mb4_general_ci DEFAULT NULL COMMENT '任务处理人',
  `create_Time` varchar(50) CHARACTER SET utf8mb4 COLLATE utf8mb4_general_ci DEFAULT NULL COMMENT '任务创建时间',
  `finish_Time` varchar(50) CHARACTER SET utf8mb4 COLLATE utf8mb4_general_ci DEFAULT NULL COMMENT '任务完成时间',
  `expire_Time` varchar(50) CHARACTER SET utf8mb4 COLLATE utf8mb4_general_ci DEFAULT NULL COMMENT '任务期望完成时间',
  `action_Url` varchar(200) CHARACTER SET utf8mb4 COLLATE utf8mb4_general_ci DEFAULT NULL COMMENT '任务处理的url',
  `parent_Task_Id` varchar(32) CHARACTER SET utf8mb4 COLLATE utf8mb4_general_ci DEFAULT NULL COMMENT '父任务ID',
  `variable` varchar(2000) CHARACTER SET utf8mb4 COLLATE utf8mb4_general_ci DEFAULT NULL COMMENT '附属变量json存储',
  `version` tinyint(1) DEFAULT NULL COMMENT '版本',
  PRIMARY KEY (`id`) USING BTREE,
  KEY `IDX_TASK_ORDER` (`order_Id`) USING BTREE,
  KEY `IDX_TASK_TASKNAME` (`task_Name`) USING BTREE,
  KEY `IDX_TASK_PARENTTASK` (`parent_Task_Id`) USING BTREE,
  CONSTRAINT `FK_TASK_ORDERID` FOREIGN KEY (`order_Id`) REFERENCES `flow_order` (`id`) ON DELETE RESTRICT ON UPDATE RESTRICT
) ENGINE=InnoDB DEFAULT CHARSET=utf8mb4 COLLATE=utf8mb4_general_ci ROW_FORMAT=DYNAMIC COMMENT='任务表';

-- 正在导出表  mldong.flow_task 的数据：~0 rows (大约)
DELETE FROM `flow_task`;
INSERT INTO `flow_task` (`id`, `order_Id`, `task_Name`, `display_Name`, `task_Type`, `perform_Type`, `operator`, `create_Time`, `finish_Time`, `expire_Time`, `action_Url`, `parent_Task_Id`, `variable`, `version`) VALUES
	('91f21e40ecc84833948a7ccd3a138b7c', 'f1bd25797aae4732838676f539c622ef', 'approveDept', '部门领导审批', 0, 0, NULL, '2022-04-19 21:35:58', NULL, NULL, '', 'b492070e6b0748aea23f9e15ef4755ca', '{"f_day":3,"instanceUrl":"leaveForm","snaker.orderNo":"295279926757418fa88ad9e8a368cab6","operator.userName":"admin","operator.realName":"mldong","S-ACTOR":"1"}', 0),
	('e3402b1d2572407eaa2e1afa9ecc731e', '3a73e28221f04c56be3a15926409d3d2', 'audit', '审核', 0, 0, NULL, '2022-05-06 23:09:40', NULL, NULL, '', '09071361d62f4817aa13bf77b3bebaeb', '{"audit":12,"hasNext":1,"approvalType":1,"operator.userName":"admin","operator.realName":"mldong","apply":1,"instanceUrl":"","snaker.orderNo":"1b0221016ce44a6f9d2261a625ac8168","S-ACTOR":"12"}', 0);

-- 导出  表 mldong.flow_task_actor 结构
DROP TABLE IF EXISTS `flow_task_actor`;
CREATE TABLE IF NOT EXISTS `flow_task_actor` (
  `task_Id` varchar(32) CHARACTER SET utf8mb4 COLLATE utf8mb4_general_ci NOT NULL COMMENT '任务ID',
  `actor_Id` varchar(50) CHARACTER SET utf8mb4 COLLATE utf8mb4_general_ci NOT NULL COMMENT '参与者ID',
  KEY `IDX_TASKACTOR_TASK` (`task_Id`) USING BTREE,
  CONSTRAINT `FK_TASK_ACTOR_TASKID` FOREIGN KEY (`task_Id`) REFERENCES `flow_task` (`id`) ON DELETE RESTRICT ON UPDATE RESTRICT
) ENGINE=InnoDB DEFAULT CHARSET=utf8mb4 COLLATE=utf8mb4_general_ci ROW_FORMAT=DYNAMIC COMMENT='任务参与者表';

-- 正在导出表  mldong.flow_task_actor 的数据：~2 rows (大约)
DELETE FROM `flow_task_actor`;
INSERT INTO `flow_task_actor` (`task_Id`, `actor_Id`) VALUES
	('91f21e40ecc84833948a7ccd3a138b7c', '1'),
	('e3402b1d2572407eaa2e1afa9ecc731e', '12');

/*!40103 SET TIME_ZONE=IFNULL(@OLD_TIME_ZONE, 'system') */;
/*!40101 SET SQL_MODE=IFNULL(@OLD_SQL_MODE, '') */;
/*!40014 SET FOREIGN_KEY_CHECKS=IFNULL(@OLD_FOREIGN_KEY_CHECKS, 1) */;
/*!40101 SET CHARACTER_SET_CLIENT=@OLD_CHARACTER_SET_CLIENT */;
/*!40111 SET SQL_NOTES=IFNULL(@OLD_SQL_NOTES, 1) */;
